{"$schema":"http://schema.management.azure.com/schemas/2015-01-01/deploymentTemplate.json#","contentVersion":"1.0.0.0","parameters":{"factoryName":{"type":"string","metadata":"Data Factory name"},"AzureSqlDatabase1":{"type":"string"},"SqlServer":{"type":"string"},"AzureDataLakeStorage":{"type":"string"}},"variables":{"factoryId":"[concat('Microsoft.DataFactory/factories/', parameters('factoryName'))]"},"resources":[{"name":"[concat(parameters('factoryName'), '/CopyOnpremToAzureSql_Full_and_Incremental')]","type":"Microsoft.DataFactory/factories/pipelines","apiVersion":"2018-06-01","properties":{"activities":[{"name":"GetControlTable","type":"Lookup","dependsOn":[],"policy":{"timeout":"0.12:00:00","retry":0,"retryIntervalInSeconds":30,"secureOutput":false,"secureInput":false},"userProperties":[],"typeProperties":{"source":{"type":"AzureSqlSource","sqlReaderQuery":"Select * from [dbo].[controltable] where Indicator = 1","queryTimeout":"02:00:00","partitionOption":"None"},"dataset":{"referenceName":"AzureSqlTable","type":"DatasetReference","parameters":{}},"firstRowOnly":false}},{"name":"ForEach","type":"ForEach","dependsOn":[{"activity":"GetControlTable","dependencyConditions":["Succeeded"]}],"userProperties":[],"typeProperties":{"items":{"value":"@activity('GetControlTable').output.value","type":"Expression"},"activities":[{"name":"Copy data","type":"Copy","dependsOn":[],"policy":{"timeout":"0.12:00:00","retry":0,"retryIntervalInSeconds":30,"secureOutput":false,"secureInput":false},"userProperties":[],"typeProperties":{"source":{"type":"SqlServerSource","sqlReaderQuery":{"value":"@concat(if(and(equals(toLower(item().Load_Type),'full_load'),not(equals(toLower(item().Load_Type),'file'))),concat('Select * from ',item().Source_Object_Schema,'.',item().Source_Object_Name),concat('Select * from ' ,item().Source_Object_Schema,'.',item().Source_Object_Name,' where ',item().watermark_column,'>',item().watermark_value)))\n","type":"Expression"},"queryTimeout":"02:00:00","partitionOption":"None"},"sink":{"type":"ParquetSink","storeSettings":{"type":"AzureBlobFSWriteSettings"},"formatSettings":{"type":"ParquetWriteSettings"}},"enableStaging":false,"translator":{"type":"TabularTranslator","typeConversion":true,"typeConversionSettings":{"allowDataTruncation":true,"treatBooleanAsNumber":false}}},"inputs":[{"referenceName":"Sql_onpremise","type":"DatasetReference","parameters":{"schema":{"value":"@item().Source_Object_Schema","type":"Expression"},"tablename":{"value":"@item().Source_Object_Name","type":"Expression"}}}],"outputs":[{"referenceName":"Parquet","type":"DatasetReference","parameters":{"filesystemname":{"value":"@item().Target_Location","type":"Expression"},"filename":{"value":"@item().Target_Object_Name","type":"Expression"}}}]},{"name":"Stored procedure Success","type":"SqlServerStoredProcedure","dependsOn":[{"activity":"Copy data","dependencyConditions":["Succeeded"]}],"policy":{"timeout":"0.12:00:00","retry":0,"retryIntervalInSeconds":30,"secureOutput":false,"secureInput":false},"userProperties":[],"typeProperties":{"storedProcedureName":"[[dbo].[sp_UpdateLogTable]","storedProcedureParameters":{"CopyActivity_End_Time":{"value":{"value":"@{utcNow()}","type":"Expression"},"type":"String"},"CopyActivity_queuingDuration_in_secs":{"value":{"value":"@{activity('Copy data').output.executionDetails[0]. detailedDurations.queuingDuration}","type":"Expression"},"type":"String"},"CopyActivity_Start_Time":{"value":{"value":"@{activity('Copy data').output.executionDetails[0].start}\n","type":"Expression"},"type":"String"},"CopyActivity_transferDuration_in_secs":{"value":{"value":"@{activity('Copy data').output.executionDetails[0]. detailedDurations.transferDuration}\n","type":"Expression"},"type":"String"},"copyDuration_in_secs":{"value":{"value":"@{activity('Copy data').output.copyDuration}\n","type":"Expression"},"type":"String"},"DataFactory_Name":{"value":{"value":"@{pipeline().DataFactory}\n","type":"Expression"},"type":"String"},"DataRead":{"value":{"value":"@{activity('Copy data').output.rowsRead}\n","type":"Expression"},"type":"Int32"},"Destination":{"value":{"value":"@item().Target_Location","type":"Expression"},"type":"String"},"effectiveIntegrationRuntime":{"value":{"value":"@{activity('Copy data').output.effectiveIntegrationRuntime}\n","type":"Expression"},"type":"String"},"Execution_Status":{"value":{"value":"@{activity('Copy data').output.executionDetails[0].status}\n","type":"Expression"},"type":"String"},"Pipeline_Name":{"value":{"value":"@{pipeline().Pipeline}\n","type":"Expression"},"type":"String"},"rowsCopied":{"value":{"value":"@{activity('Copy data').output.rowsCopied}\n","type":"Expression"},"type":"String"},"RunID":{"value":{"value":"@{pipeline().RunId}","type":"Expression"},"type":"String"},"Sink_Type":{"value":{"value":"@{activity('Copy data').output.executionDetails[0].sink.type}\n","type":"Expression"},"type":"String"},"Source":{"value":{"value":"@item().Source_Object_Name","type":"Expression"},"type":"String"},"TriggerId":{"value":{"value":"@{pipeline().TriggerId}\n","type":"Expression"},"type":"String"},"TriggerName":{"value":{"value":"@{pipeline().TriggerName}\n","type":"Expression"},"type":"String"},"TriggerTime":{"value":{"value":"@{pipeline().TriggerTime}\n","type":"Expression"},"type":"String"},"TriggerType":{"value":{"value":"@{pipeline().TriggerType}\n","type":"Expression"},"type":"String"},"Source_Type":{"value":{"value":"@item().File_Format","type":"Expression"},"type":"String"}}},"linkedServiceName":{"referenceName":"[parameters('AzureSqlDatabase1')]","type":"LinkedServiceReference"}},{"name":"Stored procedure_Failed","type":"SqlServerStoredProcedure","dependsOn":[{"activity":"Copy data","dependencyConditions":["Failed"]}],"policy":{"timeout":"0.12:00:00","retry":0,"retryIntervalInSeconds":30,"secureOutput":false,"secureInput":false},"userProperties":[],"typeProperties":{"storedProcedureName":"[[dbo].[sp_UpdateErrorTable]","storedProcedureParameters":{"copyDuration_in_secs":{"value":{"value":"@{activity('Copy data').output.copyDuration}\n","type":"Expression"},"type":"String"},"DataFactory_Name":{"value":{"value":"@{pipeline().DataFactory}\n","type":"Expression"},"type":"String"},"Destination":{"value":{"value":"@item().Target_Location","type":"Expression"},"type":"String"},"effectiveIntegrationRuntime":{"value":{"value":"@{activity('Copy data').output.effectiveIntegrationRuntime}\n","type":"Expression"},"type":"String"},"ErrorCode":{"value":{"value":"@{activity('Copy data').error.errorCode}\n","type":"Expression"},"type":"String"},"ErrorDescription":{"value":{"value":"@{activity('Copy data').error.message}\n","type":"Expression"},"type":"String"},"ErrorLoggedTime":{"value":{"value":"@utcnow()\n","type":"Expression"},"type":"String"},"Execution_Status":{"value":{"value":"@{activity('Copy data').output.executionDetails[0].status}\n","type":"Expression"},"type":"String"},"FailureType":{"value":{"value":"@concat(activity('Copy data').error.message,'failureType:',activity('Copy data').error.failureType)\n","type":"Expression"},"type":"String"},"Pipeline_Name":{"value":{"value":"@{pipeline().Pipeline}\n","type":"Expression"},"type":"String"},"RunId":{"value":{"value":"@{pipeline().RunId}\n","type":"Expression"},"type":"String"},"Sink_Type":{"value":{"value":"@item().File_Format","type":"Expression"},"type":"String"},"Source":{"value":{"value":"@item().Source_Object_Name","type":"Expression"},"type":"String"},"Source_Type":{"value":{"value":"@item().File_Format","type":"Expression"},"type":"String"},"TriggerId":{"value":{"value":"@{pipeline().TriggerId}\n","type":"Expression"},"type":"String"},"TriggerName":{"value":{"value":"@{pipeline().TriggerName}\n","type":"Expression"},"type":"String"},"TriggerTime":{"value":{"value":"@{pipeline().TriggerTime}\n","type":"Expression"},"type":"String"},"TriggerType":{"value":{"value":"@{pipeline().TriggerType}\n","type":"Expression"},"type":"String"}}},"linkedServiceName":{"referenceName":"[parameters('AzureSqlDatabase1')]","type":"LinkedServiceReference"}}]}}],"policy":{"elapsedTimeMetric":{}},"annotations":[],"lastPublishTime":"2023-10-27T07:29:22Z"},"dependsOn":["[concat(variables('factoryId'), '/datasets/AzureSqlTable')]","[concat(variables('factoryId'), '/datasets/Sql_onpremise')]","[concat(variables('factoryId'), '/datasets/Parquet')]"]},{"name":"[concat(parameters('factoryName'), '/AzureSqlTable')]","type":"Microsoft.DataFactory/factories/datasets","apiVersion":"2018-06-01","properties":{"linkedServiceName":{"referenceName":"[parameters('AzureSqlDatabase1')]","type":"LinkedServiceReference"},"annotations":[],"type":"AzureSqlTable","schema":[{"name":"Source_System_Name","type":"nvarchar"},{"name":"Business_Area","type":"nvarchar"},{"name":"Source_Object_Type","type":"nvarchar"},{"name":"Source_Object_Schema","type":"nvarchar"},{"name":"Source_Object_Name","type":"nvarchar"},{"name":"Source_File_Location","type":"nvarchar"},{"name":"Target_Location","type":"nvarchar"},{"name":"Target_Object_Name","type":"nvarchar"},{"name":"File_Format","type":"nvarchar"},{"name":"Partition_Column","type":"nvarchar"},{"name":"Load_Type","type":"nvarchar"},{"name":"Watermark_Column","type":"nvarchar"},{"name":"Creation_Time","type":"datetime","precision":23,"scale":3},{"name":"Indicator","type":"float","precision":15},{"name":"Status","type":"nvarchar"},{"name":"Last_Successful_date","type":"datetime","precision":23,"scale":3}],"typeProperties":{"schema":"dbo","table":"controltable"}},"dependsOn":[]},{"name":"[concat(parameters('factoryName'), '/Sql_onpremise')]","type":"Microsoft.DataFactory/factories/datasets","apiVersion":"2018-06-01","properties":{"linkedServiceName":{"referenceName":"[parameters('SqlServer')]","type":"LinkedServiceReference"},"parameters":{"schema":{"type":"string"},"tablename":{"type":"string"}},"annotations":[],"type":"SqlServerTable","schema":[{"name":"source_schema","type":"nvarchar"},{"name":"source_table","type":"nvarchar"},{"name":"destination_schema","type":"nvarchar"},{"name":"destination_table","type":"nvarchar"},{"name":"adls_folder","type":"nvarchar"},{"name":"adls_filetype","type":"nvarchar"},{"name":"source_watermark_column","type":"nvarchar"},{"name":"last_run","type":"nvarchar"},{"name":"turnoff","type":"nvarchar"},{"name":"sql_statement","type":"nvarchar"}],"typeProperties":{"schema":{"value":"@dataset().schema","type":"Expression"},"table":{"value":"@dataset().tablename","type":"Expression"}}},"dependsOn":[]},{"name":"[concat(parameters('factoryName'), '/Parquet')]","type":"Microsoft.DataFactory/factories/datasets","apiVersion":"2018-06-01","properties":{"linkedServiceName":{"referenceName":"[parameters('AzureDataLakeStorage')]","type":"LinkedServiceReference"},"parameters":{"filesystemname":{"type":"string"},"filename":{"type":"string"}},"annotations":[],"type":"Parquet","typeProperties":{"location":{"type":"AzureBlobFSLocation","fileName":{"value":"@dataset().filename","type":"Expression"},"fileSystem":{"value":"@dataset().filesystemname","type":"Expression"}},"compressionCodec":"snappy"},"schema":[]},"dependsOn":[]}]}